{
    "alpha": 100,
    "hidden_states": {
        "Greenland_contemporary": [
            0.0,
            2.443478596219005e-06,
            3.303975140935833e-06,
            4.498488862621126e-06,
            6.0708348334429135e-06,
            8.549204011718013e-06,
            1.237278680158972e-05,
            1.912362131878725e-05,
            0.0019346931766939114,
            0.03106244357956539,
            0.054151412839295844,
            0.08813724146533823,
            0.2047177833994252,
            0.359746594147036,
            0.5745244602340235,
            0.8638188194663438,
            1.9187800476879822,
            Infinity
        ]
    },
    "model": {
        "N0": 15197.568389057751,
        "class": "SMCModel",
        "knots": [
            2.443478596219005e-06,
            4.498488862621126e-06,
            8.549204011718013e-06,
            1.912362131878725e-05,
            0.03106244357956539,
            0.08813724146533823,
            0.359746594147036,
            0.8638188194663438
        ],
        "pid": "Greenland_contemporary",
        "spline_class": "CubicSpline",
        "y": [
            -4.294788760569394,
            -4.303894490399935,
            -4.326178376439458,
            -4.282046575323111,
            -2.0477905867311863,
            -1.1385648438373628,
            0.18108535575293427,
            0.07940463990825415
        ]
    },
    "rho": 0.009993897683697328,
    "theta": 0.0001
}