{
    "alpha": 100,
    "hidden_states": {
        "Norway_contemporary": [
            0.0,
            0.003529100825715214,
            0.004863953985082321,
            0.007138961705634173,
            0.017820923163275892,
            0.0767395719812299,
            0.12643733175857497,
            0.17795623575628028,
            0.24561633183381085,
            0.3424909688071796,
            0.4343758970522785,
            0.524280614850543,
            0.633473855489056,
            0.7439798578917971,
            0.8943461621016328,
            1.108955113486152,
            1.963567276303976,
            Infinity
        ]
    },
    "model": {
        "N0": 15197.568389057751,
        "class": "SMCModel",
        "knots": [
            0.003529100825715214,
            0.007138961705634173,
            0.0767395719812299,
            0.17795623575628028,
            0.3424909688071796,
            0.524280614850543,
            0.7439798578917971,
            1.108955113486152
        ],
        "pid": "Norway_contemporary",
        "spline_class": "CubicSpline",
        "y": [
            -2.8914627355488394,
            -2.2677068522434287,
            0.0438784707625041,
            0.17190780081552173,
            0.0604624543651246,
            -0.2637383832438154,
            -0.3773898628017497,
            -0.2116795443748127
        ]
    },
    "rho": 0.006486573182264644,
    "theta": 0.0001
}