{
    "alpha": 100,
    "hidden_states": {
        "Iceland_contemporary": [
            0.0,
            9.175160091208381e-07,
            1.1847668427043825e-06,
            1.6367236257135136e-06,
            2.2774505190571218e-06,
            3.1550051464785356e-06,
            4.281087801934275e-06,
            5.8352063252066375e-06,
            8.063958675188395e-06,
            1.134934072724247e-05,
            1.683433201169633e-05,
            3.081474476406981e-05,
            0.029765128258815225,
            0.08450496420990217,
            0.38189575359569006,
            0.8025331978270681,
            2.077898835720787,
            Infinity
        ]
    },
    "model": {
        "N0": 15197.568389057751,
        "class": "SMCModel",
        "knots": [
            9.175160091208381e-07,
            1.6367236257135136e-06,
            3.1550051464785356e-06,
            5.8352063252066375e-06,
            1.134934072724247e-05,
            3.081474476406981e-05,
            0.08450496420990217,
            0.8025331978270681
        ],
        "pid": "Iceland_contemporary",
        "spline_class": "CubicSpline",
        "y": [
            -3.641745786668097,
            -3.634771450823208,
            -3.614535471375797,
            -3.6062593330419777,
            -3.668946537029583,
            -4.418539891328115,
            -0.9416309743228718,
            0.18049743156938614
        ]
    },
    "rho": 0.009993760348668657,
    "theta": 0.0001
}