{
    "alpha": 1,
    "hidden_states": {
        "Greenland_contemporary": [
            0.0,
            Infinity
        ]
    },
    "model": {
        "N0": 15197.568389057751,
        "class": "SMCModel",
        "knots": [
            0.09760402821064626,
            0.3359993876000703,
            0.6719987752004325,
            1.246393522189632
        ],
        "pid": "Greenland_contemporary",
        "spline_class": "CubicSpline",
        "y": [
            -2.657057850735809,
            1.10227665788098,
            1.418734253623998,
            1.4188604691455078
        ]
    },
    "rho": 0.0001,
    "theta": 0.0001
}