{
    "alpha": 100,
    "hidden_states": {
        "Norway_contemporary": [
            0.0,
            0.0036083229448594023,
            0.005066975305266175,
            0.007650532746692922,
            0.023094669835278168,
            0.083281305532538,
            0.13627151400193632,
            0.18861359284609794,
            0.2518344384334932,
            0.3412768237797736,
            0.43576087397994423,
            0.5243502904089756,
            0.6363086200008098,
            0.7449394632025585,
            0.8941501683047172,
            1.1109048497677414,
            1.9742559832050124,
            Infinity
        ]
    },
    "model": {
        "N0": 15197.568389057751,
        "class": "SMCModel",
        "knots": [
            0.0036083229448594023,
            0.007650532746692922,
            0.083281305532538,
            0.18861359284609794,
            0.3412768237797736,
            0.5243502904089756,
            0.7449394632025585,
            1.1109048497677414
        ],
        "pid": "Norway_contemporary",
        "spline_class": "CubicSpline",
        "y": [
            -2.915754545896989,
            -2.2250326640450315,
            0.08473911176350109,
            0.16742457746155695,
            0.05902018405748168,
            -0.26704115665536987,
            -0.3806254737272007,
            -0.21305624441550913
        ]
    },
    "rho": 0.006393943792084976,
    "theta": 0.0001
}