{
    "alpha": 100,
    "hidden_states": {
        "Norway_contemporary": [
            0.0,
            0.003622226634733401,
            0.004950373496339595,
            0.007347271715415186,
            0.016501795779180057,
            0.07991918109506359,
            0.13554667473348941,
            0.18920208746551959,
            0.25263015104246944,
            0.34071127922083305,
            0.43518416279163147,
            0.5243622102763826,
            0.6362591545875855,
            0.7446857884436657,
            0.8962516853505509,
            1.114564731178395,
            1.9604321748958071,
            Infinity
        ]
    },
    "model": {
        "N0": 15197.568389057751,
        "class": "SMCModel",
        "knots": [
            0.003622226634733401,
            0.007347271715415186,
            0.07991918109506359,
            0.18920208746551959,
            0.34071127922083305,
            0.5243622102763826,
            0.7446857884436657,
            1.114564731178395
        ],
        "pid": "Norway_contemporary",
        "spline_class": "CubicSpline",
        "y": [
            -2.8855841582147415,
            -2.233964921123191,
            0.06290572918202368,
            0.1688517888276501,
            0.060271540108402584,
            -0.2706057215447629,
            -0.37852713442931024,
            -0.2137163505560521
        ]
    },
    "rho": 0.0064285290131219155,
    "theta": 0.0001
}