{
    "alpha": 100,
    "hidden_states": {
        "Denmark_contemporary": [
            0.0,
            3.502350784355886e-06,
            4.774937559718817e-06,
            6.707446467571671e-06,
            9.160706226596424e-06,
            1.3110780935825289e-05,
            2.0124875247206226e-05,
            0.014531011354236636,
            0.08943507277167889,
            0.1620155494337365,
            0.2659069717510182,
            0.4609164625407529,
            0.6006715535239626,
            0.7699585606067924,
            0.9581053748524826,
            1.1956597350541556,
            2.0856162109259238,
            Infinity
        ]
    },
    "model": {
        "N0": 15197.568389057751,
        "class": "SMCModel",
        "knots": [
            3.502350784355886e-06,
            6.707446467571671e-06,
            1.3110780935825289e-05,
            0.014531011354236636,
            0.1620155494337365,
            0.4609164625407529,
            0.7699585606067924,
            1.1956597350541556
        ],
        "pid": "Denmark_contemporary",
        "spline_class": "CubicSpline",
        "y": [
            -3.1027361969122422,
            -3.131262127945769,
            -3.23639829481371,
            -1.8570636947267314,
            0.5378885450428176,
            -0.0048664275757719574,
            -0.22751899450705168,
            -0.14723317769938135
        ]
    },
    "rho": 0.0059705710784562355,
    "theta": 0.0001
}