{
    "alpha": 100,
    "hidden_states": {
        "Greenland_contemporary": [
            0.0,
            2.5925405946659126e-06,
            3.5513278241934703e-06,
            4.900880414616477e-06,
            6.617975794051683e-06,
            9.119270194085418e-06,
            1.2931512424744449e-05,
            1.9871703638545992e-05,
            0.005814253785439753,
            0.03235911588331984,
            0.05554416839053902,
            0.09060595523248226,
            0.2088358549102372,
            0.3654827222706019,
            0.5791975662358675,
            0.871661976062447,
            1.9253829502428805,
            Infinity
        ]
    },
    "model": {
        "N0": 15197.568389057751,
        "class": "SMCModel",
        "knots": [
            2.5925405946659126e-06,
            4.900880414616477e-06,
            9.119270194085418e-06,
            1.9871703638545992e-05,
            0.03235911588331984,
            0.09060595523248226,
            0.3654827222706019,
            0.871661976062447
        ],
        "pid": "Greenland_contemporary",
        "spline_class": "CubicSpline",
        "y": [
            -4.350915763173128,
            -4.3460381832590755,
            -4.2933183507900035,
            -3.8563534670286908,
            -2.112696878484436,
            -1.0337123132171189,
            0.15135381512502874,
            0.07966360146761002
        ]
    },
    "rho": 0.00999388925288177,
    "theta": 0.0001
}