{
    "alpha": 100,
    "hidden_states": {
        "Norway_contemporary": [
            0.0,
            0.0034596151089708854,
            0.0048213801329321775,
            0.007536509392795901,
            0.030555676133210915,
            0.08148257828540184,
            0.12773948151511744,
            0.18020211501213304,
            0.25401454699928083,
            0.34509119035076624,
            0.43428801271671585,
            0.5293825145949252,
            0.6379571456401437,
            0.7422223343083814,
            0.8922518562525392,
            1.112066137459649,
            1.9715931173096692,
            Infinity
        ]
    },
    "model": {
        "N0": 15197.568389057751,
        "class": "SMCModel",
        "knots": [
            0.0034596151089708854,
            0.007536509392795901,
            0.08148257828540184,
            0.18020211501213304,
            0.34509119035076624,
            0.5293825145949252,
            0.7422223343083814,
            1.112066137459649
        ],
        "pid": "Norway_contemporary",
        "spline_class": "CubicSpline",
        "y": [
            -2.9380081929761674,
            -2.2067298908734596,
            0.04451865352141318,
            0.1628638522348845,
            0.052229906081642706,
            -0.2792958278735112,
            -0.38327346074142327,
            -0.2132285448180383
        ]
    },
    "rho": 0.006373225142900517,
    "theta": 0.0001
}