{
    "alpha": 100,
    "hidden_states": {
        "Greenland_contemporary": [
            0.0,
            2.449379784053576e-06,
            3.284297406804084e-06,
            4.497565515192081e-06,
            6.185508117223597e-06,
            8.692844733568686e-06,
            1.257629228545664e-05,
            1.9212477270024224e-05,
            0.003478006156689608,
            0.03144832288917301,
            0.054323132935954886,
            0.08885783766922103,
            0.2071703376743919,
            0.357158858079524,
            0.5769209508449759,
            0.8725277505489015,
            1.936826521624139,
            Infinity
        ]
    },
    "model": {
        "N0": 15197.568389057751,
        "class": "SMCModel",
        "knots": [
            2.449379784053576e-06,
            4.497565515192081e-06,
            8.692844733568686e-06,
            1.9212477270024224e-05,
            0.03144832288917301,
            0.08885783766922103,
            0.357158858079524,
            0.8725277505489015
        ],
        "pid": "Greenland_contemporary",
        "spline_class": "CubicSpline",
        "y": [
            -3.157892580999805,
            -3.1651177567487347,
            -3.1675378557798695,
            -3.00825036046659,
            -2.1215987138997847,
            -1.0318890410928692,
            0.12229549148266024,
            0.08956235271828736
        ]
    },
    "rho": 0.009993793733254961,
    "theta": 0.0001
}