{
    "alpha": 100,
    "hidden_states": {
        "Denmark_contemporary": [
            0.0,
            3.457848004196239e-06,
            4.581749108925766e-06,
            6.351394574943645e-06,
            9.203966199110092e-06,
            1.3315249043417787e-05,
            2.0458719773434068e-05,
            0.014787965802425924,
            0.07340362663724112,
            0.1317102991778807,
            0.2770552935264475,
            0.45325315500249375,
            0.603750391994597,
            0.7697917363420714,
            0.9581643268813014,
            1.1972881268315803,
            2.0892741268397317,
            Infinity
        ]
    },
    "model": {
        "N0": 15197.568389057751,
        "class": "SMCModel",
        "knots": [
            3.457848004196239e-06,
            6.351394574943645e-06,
            1.3315249043417787e-05,
            0.014787965802425924,
            0.1317102991778807,
            0.45325315500249375,
            0.7697917363420714,
            1.1972881268315803
        ],
        "pid": "Denmark_contemporary",
        "spline_class": "CubicSpline",
        "y": [
            -4.451948037053733,
            -4.400569579856614,
            -4.221454541408669,
            -1.8201621651368438,
            0.48824215440848795,
            0.010691608429444843,
            -0.2363493780233423,
            -0.14396945861444238
        ]
    },
    "rho": 0.006205438175520802,
    "theta": 0.0001
}