{
    "alpha": 100,
    "hidden_states": {
        "Norway_contemporary": [
            0.0,
            1.3119931515135199e-05,
            2.117312182152373e-05,
            0.014609265615722327,
            0.052150664132155196,
            0.08599119172262464,
            0.12619402859787934,
            0.18154583789598122,
            0.265446144153947,
            0.3494064850721304,
            0.44048142152025194,
            0.5295651489630916,
            0.638300893771519,
            0.7452093846640764,
            0.8939803751910869,
            1.1142308672679364,
            1.95989200125907,
            Infinity
        ]
    },
    "model": {
        "N0": 15197.568389057751,
        "class": "SMCModel",
        "knots": [
            1.3119931515135199e-05,
            0.014609265615722327,
            0.08599119172262464,
            0.18154583789598122,
            0.3494064850721304,
            0.5295651489630916,
            0.7452093846640764,
            1.1142308672679364
        ],
        "pid": "Norway_contemporary",
        "spline_class": "CubicSpline",
        "y": [
            -4.118369322389481,
            -1.430178082238745,
            0.06096312734016347,
            0.22286585832279576,
            0.03870731448985718,
            -0.25768485179625494,
            -0.35379119343838683,
            -0.20840520347047964
        ]
    },
    "rho": 0.006525898635182974,
    "theta": 0.0001
}