{
    "alpha": 100,
    "hidden_states": {
        "Greenland_contemporary": [
            0.0,
            2.4636741974847833e-06,
            3.284996123215089e-06,
            4.463394489413187e-06,
            6.058645613431772e-06,
            8.47886378156208e-06,
            1.2350514724527751e-05,
            1.8851077241817515e-05,
            0.0012955578810740335,
            0.030942006073795845,
            0.053839357836541334,
            0.08829851046182476,
            0.2014114533499325,
            0.35758784129386534,
            0.5681907185175518,
            0.8673593754355226,
            1.9232538752824857,
            Infinity
        ]
    },
    "model": {
        "N0": 15197.568389057751,
        "class": "SMCModel",
        "knots": [
            2.4636741974847833e-06,
            4.463394489413187e-06,
            8.47886378156208e-06,
            1.8851077241817515e-05,
            0.030942006073795845,
            0.08829851046182476,
            0.35758784129386534,
            0.8673593754355226
        ],
        "pid": "Greenland_contemporary",
        "spline_class": "CubicSpline",
        "y": [
            -4.271176869394494,
            -4.276136032274468,
            -4.290719539270355,
            -4.271981994476827,
            -2.0402495171317057,
            -1.1591782368741623,
            0.19219414045314095,
            0.07895726958288327
        ]
    },
    "rho": 0.00999390172035747,
    "theta": 0.0001
}