{
    "alpha": 100,
    "hidden_states": {
        "Norway_contemporary": [
            0.0,
            0.003589260996736677,
            0.0050204668886040344,
            0.007381315172862649,
            0.02225499103822271,
            0.08063428467004875,
            0.1321998179674859,
            0.185411231785969,
            0.24882830867257563,
            0.33811161908941306,
            0.43313754771165147,
            0.5257255221559123,
            0.6358488209121392,
            0.7418133345578721,
            0.8918568855128528,
            1.111691211902355,
            1.9653819560895964,
            Infinity
        ]
    },
    "model": {
        "N0": 15197.568389057751,
        "class": "SMCModel",
        "knots": [
            0.003589260996736677,
            0.007381315172862649,
            0.08063428467004875,
            0.185411231785969,
            0.33811161908941306,
            0.5257255221559123,
            0.7418133345578721,
            1.111691211902355
        ],
        "pid": "Norway_contemporary",
        "spline_class": "CubicSpline",
        "y": [
            -2.8791138038305113,
            -2.2160676287753365,
            0.039518014459058774,
            0.1930572684615299,
            0.0690181676902258,
            -0.27333965959949963,
            -0.3764270168262652,
            -0.21251458711774415
        ]
    },
    "rho": 0.0064518131504890915,
    "theta": 0.0001
}