{
    "alpha": 100,
    "hidden_states": {
        "Denmark_contemporary": [
            0.0,
            3.4280965680946675e-06,
            4.542214878434754e-06,
            6.250550237020575e-06,
            8.90473189887475e-06,
            1.2701428224456467e-05,
            1.949279831818644e-05,
            0.008469691521154683,
            0.06198223577248099,
            0.11513185414329026,
            0.2722787481631852,
            0.45109837393341046,
            0.5982918545143096,
            0.7695603782083664,
            0.960882842559895,
            1.1980419404098999,
            2.07198396997864,
            Infinity
        ]
    },
    "model": {
        "N0": 15197.568389057751,
        "class": "SMCModel",
        "knots": [
            3.4280965680946675e-06,
            6.250550237020575e-06,
            1.2701428224456467e-05,
            0.008469691521154683,
            0.11513185414329026,
            0.45109837393341046,
            0.7695603782083664,
            1.1980419404098999
        ],
        "pid": "Denmark_contemporary",
        "spline_class": "CubicSpline",
        "y": [
            -4.443165653007287,
            -4.355317035699889,
            -4.048383709591187,
            -2.5142933919502872,
            0.4695012797966414,
            0.02620351777977596,
            -0.2347703966772412,
            -0.148056464118984
        ]
    },
    "rho": 0.0060991692544936,
    "theta": 0.0001
}