{
    "alpha": 100,
    "hidden_states": {
        "Norway_contemporary": [
            0.0,
            0.003826424401206844,
            0.005399901396753348,
            0.007859720783342308,
            0.025711741499625802,
            0.08509732573484004,
            0.13551137286940862,
            0.18726343665323186,
            0.2507677865902054,
            0.3404805218557322,
            0.43599372780131046,
            0.5278251792979269,
            0.6367897596066572,
            0.7430568003383919,
            0.8932225482731777,
            1.114792904776301,
            1.9637304139821985,
            Infinity
        ]
    },
    "model": {
        "N0": 15197.568389057751,
        "class": "SMCModel",
        "knots": [
            0.003826424401206844,
            0.007859720783342308,
            0.08509732573484004,
            0.18726343665323186,
            0.3404805218557322,
            0.5278251792979269,
            0.7430568003383919,
            1.114792904776301
        ],
        "pid": "Norway_contemporary",
        "spline_class": "CubicSpline",
        "y": [
            -2.826454252042803,
            -2.159454336451887,
            0.06665269173410197,
            0.18304127825451477,
            0.056649476815509366,
            -0.27626722546806814,
            -0.38426747219111534,
            -0.2125441974343035
        ]
    },
    "rho": 0.00646620840607947,
    "theta": 0.0001
}