{
    "alpha": 100,
    "hidden_states": {
        "Greenland_contemporary": [
            0.0,
            2.4170234317914675e-06,
            3.3996378723383657e-06,
            4.690224652262807e-06,
            6.361388510964609e-06,
            8.828116621292675e-06,
            1.2341318886023211e-05,
            1.8886552065663006e-05,
            0.003687662634545525,
            0.03166305730367791,
            0.05501300659063656,
            0.08901207461769489,
            0.2187740840556088,
            0.35709830816108995,
            0.5758694700354159,
            0.8734139319337568,
            1.9267018509890916,
            Infinity
        ]
    },
    "model": {
        "N0": 15197.568389057751,
        "class": "SMCModel",
        "knots": [
            2.4170234317914675e-06,
            4.690224652262807e-06,
            8.828116621292675e-06,
            1.8886552065663006e-05,
            0.03166305730367791,
            0.08901207461769489,
            0.35709830816108995,
            0.8734139319337568
        ],
        "pid": "Greenland_contemporary",
        "spline_class": "CubicSpline",
        "y": [
            -3.219009563053796,
            -3.2363530957201028,
            -3.2605082069083604,
            -3.0975440669227203,
            -2.1201661596885915,
            -1.0213257616809976,
            0.13682495271331704,
            0.08716617161026016
        ]
    },
    "rho": 0.009993791084859186,
    "theta": 0.0001
}