{
    "alpha": 1,
    "hidden_states": {
        "Greenland_contemporary": [
            0.0,
            Infinity
        ]
    },
    "model": {
        "N0": 15197.568389057751,
        "class": "SMCModel",
        "knots": [
            0.09760402821064626,
            0.3359993876000703,
            0.6719987752004325,
            1.246393522189632
        ],
        "pid": "Greenland_contemporary",
        "spline_class": "CubicSpline",
        "y": [
            -2.657057850968162,
            1.1022766574028073,
            1.4187342543373527,
            1.418860469858862
        ]
    },
    "rho": 0.0001,
    "theta": 0.0001
}