{
    "alpha": 100,
    "hidden_states": {
        "Greenland_contemporary": [
            0.0,
            2.3360428395848816e-06,
            3.3538770940384984e-06,
            4.449775332408192e-06,
            6.050402800802952e-06,
            8.546971208640807e-06,
            1.2320826565289343e-05,
            1.8834126702223152e-05,
            0.004041643766529685,
            0.03131250188534522,
            0.05424416782187699,
            0.09052071651442188,
            0.2024715503109404,
            0.3614311403108859,
            0.5789249379652333,
            0.8703601185025879,
            1.916037557126821,
            Infinity
        ]
    },
    "model": {
        "N0": 15197.568389057751,
        "class": "SMCModel",
        "knots": [
            2.3360428395848816e-06,
            4.449775332408192e-06,
            8.546971208640807e-06,
            1.8834126702223152e-05,
            0.03131250188534522,
            0.09052071651442188,
            0.3614311403108859,
            0.8703601185025879
        ],
        "pid": "Greenland_contemporary",
        "spline_class": "CubicSpline",
        "y": [
            -4.434756992781556,
            -4.439133325727341,
            -4.425161184144211,
            -4.150804565504645,
            -2.1050944946423087,
            -1.061031824732791,
            0.1594503518342028,
            0.07921095978593536
        ]
    },
    "rho": 0.009993889441328821,
    "theta": 0.0001
}