{
    "alpha": 100,
    "hidden_states": {
        "Denmark_contemporary": [
            0.0,
            3.5159651379178927e-06,
            4.814651956191053e-06,
            6.835002186235584e-06,
            9.596595119471045e-06,
            1.3572909967680109e-05,
            2.025660374080326e-05,
            0.015591444660724601,
            0.08938399732626576,
            0.16235266483870944,
            0.26727619407997183,
            0.46137881174465173,
            0.6014527163786884,
            0.7707363566040156,
            0.9615340611399381,
            1.1947319590516414,
            2.0935831058395875,
            Infinity
        ]
    },
    "model": {
        "N0": 15197.568389057751,
        "class": "SMCModel",
        "knots": [
            3.5159651379178927e-06,
            6.835002186235584e-06,
            1.3572909967680109e-05,
            0.015591444660724601,
            0.16235266483870944,
            0.46137881174465173,
            0.7707363566040156,
            1.1947319590516414
        ],
        "pid": "Denmark_contemporary",
        "spline_class": "CubicSpline",
        "y": [
            -3.0833253875077316,
            -3.129050227766384,
            -3.276056930339601,
            -1.765920646402696,
            0.5359706788403718,
            -0.00593866725739409,
            -0.22955407502231912,
            -0.14600265956777964
        ]
    },
    "rho": 0.005998538283475113,
    "theta": 0.0001
}