{
    "alpha": 100,
    "hidden_states": {
        "Norway_contemporary": [
            0.0,
            1.4686033206870528e-05,
            2.4442992887971626e-05,
            0.021777517301598666,
            0.055337956712359526,
            0.08872034463146813,
            0.1264114613360949,
            0.1822785772959537,
            0.27094876741345136,
            0.3482216109184552,
            0.44250453850205795,
            0.5298871501059527,
            0.6391786392291641,
            0.7465518606109212,
            0.8964727787620964,
            1.1135154240084895,
            1.9766732675102294,
            Infinity
        ]
    },
    "model": {
        "N0": 15197.568389057751,
        "class": "SMCModel",
        "knots": [
            1.4686033206870528e-05,
            0.021777517301598666,
            0.08872034463146813,
            0.1822785772959537,
            0.3482216109184552,
            0.5298871501059527,
            0.7465518606109212,
            1.1135154240084895
        ],
        "pid": "Norway_contemporary",
        "spline_class": "CubicSpline",
        "y": [
            -4.458883277967396,
            -1.0228976681584818,
            -0.00881207879062138,
            0.22230013169251672,
            0.05598049056035425,
            -0.2576263338433545,
            -0.3565664646963105,
            -0.20587110486739604
        ]
    },
    "rho": 0.006568532553432759,
    "theta": 0.0001
}