{
    "alpha": 100,
    "hidden_states": {
        "Greenland_contemporary": [
            0.0,
            2.5584066180193822e-06,
            3.4767676143825382e-06,
            4.647126414577565e-06,
            6.339749179038321e-06,
            8.848002744523125e-06,
            1.2646090705029668e-05,
            1.9339118677885592e-05,
            0.0033113671733769447,
            0.03187054131282712,
            0.0554670612845672,
            0.08894995308043598,
            0.2180617026350916,
            0.35628552981208494,
            0.5757695662581124,
            0.8732836087578244,
            1.9367063568168261,
            Infinity
        ]
    },
    "model": {
        "N0": 15197.568389057751,
        "class": "SMCModel",
        "knots": [
            2.5584066180193822e-06,
            4.647126414577565e-06,
            8.848002744523125e-06,
            1.9339118677885592e-05,
            0.03187054131282712,
            0.08894995308043598,
            0.35628552981208494,
            0.8732836087578244
        ],
        "pid": "Greenland_contemporary",
        "spline_class": "CubicSpline",
        "y": [
            -3.2377643967809684,
            -3.2328246264894753,
            -3.1501477167099172,
            -2.7945446132538807,
            -2.1379041063090525,
            -1.0031223040499184,
            0.13055068056507665,
            0.08860926146846075
        ]
    },
    "rho": 0.009993797510819835,
    "theta": 0.0001
}