{
    "alpha": 100,
    "hidden_states": {
        "Denmark_contemporary": [
            0.0,
            3.537896090421105e-06,
            4.787401810189223e-06,
            6.786617032193397e-06,
            9.33225335127501e-06,
            1.3292882000594755e-05,
            2.0191290544146386e-05,
            0.012824695975329932,
            0.0722205761255559,
            0.13031517685089097,
            0.2721441759752172,
            0.4485867764760932,
            0.6022751888479064,
            0.7724292941627969,
            0.9625413183525976,
            1.1958942436326474,
            2.0833164175293035,
            Infinity
        ]
    },
    "model": {
        "N0": 15197.568389057751,
        "class": "SMCModel",
        "knots": [
            3.537896090421105e-06,
            6.786617032193397e-06,
            1.3292882000594755e-05,
            0.012824695975329932,
            0.13031517685089097,
            0.4485867764760932,
            0.7724292941627969,
            1.1958942436326474
        ],
        "pid": "Denmark_contemporary",
        "spline_class": "CubicSpline",
        "y": [
            -3.194651518403688,
            -3.2076734539007714,
            -3.241532674318325,
            -2.0172302011559013,
            0.5173174337794219,
            0.007051489492174963,
            -0.22539550348724474,
            -0.14217238018426392
        ]
    },
    "rho": 0.006314372532437487,
    "theta": 0.0001
}