{
    "alpha": 100,
    "hidden_states": {
        "Norway_contemporary": [
            0.0,
            0.003835144631506014,
            0.005294750107862954,
            0.007840025364494293,
            0.02330843938180251,
            0.08571096586160808,
            0.13992976073411006,
            0.19581573759660933,
            0.2589899322549465,
            0.3406970928194717,
            0.43692680818736085,
            0.5299915019623461,
            0.6388674534765371,
            0.7439284279291541,
            0.8952013099652704,
            1.1143873240253024,
            1.9655681275811336,
            Infinity
        ]
    },
    "model": {
        "N0": 15197.568389057751,
        "class": "SMCModel",
        "knots": [
            0.003835144631506014,
            0.007840025364494293,
            0.08571096586160808,
            0.19581573759660933,
            0.3406970928194717,
            0.5299915019623461,
            0.7439284279291541,
            1.1143873240253024
        ],
        "pid": "Norway_contemporary",
        "spline_class": "CubicSpline",
        "y": [
            -2.8267732150929996,
            -2.1663436029471304,
            0.07000386725734947,
            0.17867244048870784,
            0.06024439739723659,
            -0.2735245254210026,
            -0.381379934148377,
            -0.21341229370369044
        ]
    },
    "rho": 0.006423247261660995,
    "theta": 0.0001
}