{
    "alpha": 100,
    "hidden_states": {
        "Iceland_contemporary": [
            0.0,
            9.138841367650827e-07,
            1.3082896475953567e-06,
            1.738981407370951e-06,
            2.302170129645909e-06,
            3.1842304385852087e-06,
            4.26488115905775e-06,
            5.850377565735682e-06,
            8.099922117909834e-06,
            1.1551607982162172e-05,
            1.6860840486536723e-05,
            3.0976642518375706e-05,
            0.031079457989927967,
            0.0763939359872119,
            0.37899742171315515,
            0.8031347159359024,
            2.039152517171108,
            Infinity
        ]
    },
    "model": {
        "N0": 15197.568389057751,
        "class": "SMCModel",
        "knots": [
            9.138841367650827e-07,
            1.738981407370951e-06,
            3.1842304385852087e-06,
            5.850377565735682e-06,
            1.1551607982162172e-05,
            3.0976642518375706e-05,
            0.0763939359872119,
            0.8031347159359024
        ],
        "pid": "Iceland_contemporary",
        "spline_class": "CubicSpline",
        "y": [
            -2.3646434061320503,
            -2.346121891145971,
            -2.303889646708946,
            -2.2898581691089737,
            -2.4345104285307415,
            -3.562031882514776,
            -1.059759585138812,
            0.18525238047711196
        ]
    },
    "rho": 0.00999363624597591,
    "theta": 0.0001
}