{
    "alpha": 100,
    "hidden_states": {
        "Denmark_contemporary": [
            0.0,
            3.3457138267268012e-06,
            4.58599156386394e-06,
            6.371010349561417e-06,
            8.935492034366752e-06,
            1.306270156525515e-05,
            2.046992429775941e-05,
            0.01827280471485691,
            0.07804148977426066,
            0.14245099827160476,
            0.27865919604064804,
            0.4562813311001536,
            0.6101587906898048,
            0.7757797127415392,
            0.9621212144181831,
            1.1962302137596421,
            2.1103765748603087,
            Infinity
        ]
    },
    "model": {
        "N0": 15197.568389057751,
        "class": "SMCModel",
        "knots": [
            3.3457138267268012e-06,
            6.371010349561417e-06,
            1.306270156525515e-05,
            0.01827280471485691,
            0.14245099827160476,
            0.4562813311001536,
            0.7757797127415392,
            1.1962302137596421
        ],
        "pid": "Denmark_contemporary",
        "spline_class": "CubicSpline",
        "y": [
            -3.190889722224963,
            -3.2431632319072157,
            -3.4373614671281865,
            -1.5482053168327483,
            0.5177116180829093,
            -0.007317925433513309,
            -0.2367210099389204,
            -0.1366115673114588
        ]
    },
    "rho": 0.00636055853916884,
    "theta": 0.0001
}