{
    "alpha": 100,
    "hidden_states": {
        "Iceland_contemporary": [
            0.0,
            8.739148193031991e-07,
            1.2119075302968867e-06,
            1.6855603434458975e-06,
            2.273827363703894e-06,
            3.114709302201455e-06,
            4.2090072059923834e-06,
            5.7695776875622756e-06,
            7.971401565915711e-06,
            1.1216292620920456e-05,
            1.6586292972361032e-05,
            3.0249454416878225e-05,
            0.029158967913638947,
            0.08205163228632896,
            0.3820202792894704,
            0.7961729191410174,
            2.038809868040311,
            Infinity
        ]
    },
    "model": {
        "N0": 15197.568389057751,
        "class": "SMCModel",
        "knots": [
            8.739148193031991e-07,
            1.6855603434458975e-06,
            3.114709302201455e-06,
            5.7695776875622756e-06,
            1.1216292620920456e-05,
            3.0249454416878225e-05,
            0.08205163228632896,
            0.7961729191410174
        ],
        "pid": "Iceland_contemporary",
        "spline_class": "CubicSpline",
        "y": [
            -2.4086356335350003,
            -2.3968388553850164,
            -2.369723266444526,
            -2.3599397739510004,
            -2.4649783038237914,
            -3.5809364913435697,
            -0.9833620791492607,
            0.17236031401538207
        ]
    },
    "rho": 0.009993400155885313,
    "theta": 0.0001
}