{
    "alpha": 100,
    "hidden_states": {
        "Denmark_contemporary": [
            0.0,
            3.5614942732402414e-06,
            4.807673556888812e-06,
            6.501898345380284e-06,
            9.08645029524624e-06,
            1.3088892742400337e-05,
            1.997957335902386e-05,
            0.012770611249362122,
            0.07605452944466255,
            0.13869278706754667,
            0.2743873389911965,
            0.45482292369872646,
            0.6090334605554317,
            0.7780025892569843,
            0.9639401396355849,
            1.1965357184908727,
            2.096362599802988,
            Infinity
        ]
    },
    "model": {
        "N0": 15197.568389057751,
        "class": "SMCModel",
        "knots": [
            3.5614942732402414e-06,
            6.501898345380284e-06,
            1.3088892742400337e-05,
            0.012770611249362122,
            0.13869278706754667,
            0.45482292369872646,
            0.7780025892569843,
            1.1965357184908727
        ],
        "pid": "Denmark_contemporary",
        "spline_class": "CubicSpline",
        "y": [
            -4.350937529090963,
            -4.288238302371519,
            -4.07748231453908,
            -2.0152962434077333,
            0.5289153985442557,
            0.009467701904623696,
            -0.24168058809552853,
            -0.14490332726242952
        ]
    },
    "rho": 0.006079500843210087,
    "theta": 0.0001
}