{
    "alpha": 100,
    "hidden_states": {
        "Iceland_contemporary": [
            0.0,
            8.689175995136188e-07,
            1.17393796813393e-06,
            1.5977110776390087e-06,
            2.2021356406069535e-06,
            3.041098113498156e-06,
            4.168852372362833e-06,
            5.706957424702858e-06,
            7.87618992598578e-06,
            1.110169924827511e-05,
            1.63933430711526e-05,
            2.9593796547284196e-05,
            0.029265088597224685,
            0.07852688465339241,
            0.38163606821804363,
            0.7949245377072688,
            2.0172574265275793,
            Infinity
        ]
    },
    "model": {
        "N0": 15197.568389057751,
        "class": "SMCModel",
        "knots": [
            8.689175995136188e-07,
            1.5977110776390087e-06,
            3.041098113498156e-06,
            5.706957424702858e-06,
            1.110169924827511e-05,
            2.9593796547284196e-05,
            0.07852688465339241,
            0.7949245377072688
        ],
        "pid": "Iceland_contemporary",
        "spline_class": "CubicSpline",
        "y": [
            -3.608713614642308,
            -3.601378287844624,
            -3.581654783943247,
            -3.572733057538525,
            -3.6352785220082624,
            -4.357544663368511,
            -1.0496062607618626,
            0.17877550369730266
        ]
    },
    "rho": 0.009993756963779682,
    "theta": 0.0001
}