{
    "alpha": 100,
    "hidden_states": {
        "Norway_contemporary": [
            0.0,
            1.443681534712773e-05,
            2.3846899272361223e-05,
            0.018230093126482026,
            0.05454787066554441,
            0.0895363588542504,
            0.12723523046971424,
            0.18137025296425272,
            0.27092435550638205,
            0.3466772079473645,
            0.44027973191859904,
            0.5294418550381825,
            0.6377855175173854,
            0.7470994998155379,
            0.897643398863773,
            1.116967826173114,
            1.9723557712657926,
            Infinity
        ]
    },
    "model": {
        "N0": 15197.568389057751,
        "class": "SMCModel",
        "knots": [
            1.443681534712773e-05,
            0.018230093126482026,
            0.0895363588542504,
            0.18137025296425272,
            0.3466772079473645,
            0.5294418550381825,
            0.7470994998155379,
            1.116967826173114
        ],
        "pid": "Norway_contemporary",
        "spline_class": "CubicSpline",
        "y": [
            -4.157444655859549,
            -1.218979529558293,
            0.015612645405451538,
            0.21055958023008145,
            0.06918006006013194,
            -0.2562045585559698,
            -0.36276163216823804,
            -0.20808819743296292
        ]
    },
    "rho": 0.0064980326749824666,
    "theta": 0.0001
}