{
    "alpha": 100,
    "hidden_states": {
        "Denmark_contemporary": [
            0.0,
            3.631208799509953e-06,
            4.8208453692410065e-06,
            6.471295624287022e-06,
            9.068411326499911e-06,
            1.3124939007511863e-05,
            2.0246168971177232e-05,
            0.01566571980903535,
            0.091139495280522,
            0.16458711240415697,
            0.26919800692142853,
            0.46245021696884975,
            0.6031688533952483,
            0.7688551805853199,
            0.9576957425816893,
            1.1981939934247117,
            2.0784620826952502,
            Infinity
        ]
    },
    "model": {
        "N0": 15197.568389057751,
        "class": "SMCModel",
        "knots": [
            3.631208799509953e-06,
            6.471295624287022e-06,
            1.3124939007511863e-05,
            0.01566571980903535,
            0.16458711240415697,
            0.46245021696884975,
            0.7688551805853199,
            1.1981939934247117
        ],
        "pid": "Denmark_contemporary",
        "spline_class": "CubicSpline",
        "y": [
            -3.1162239375634906,
            -3.1502461710697043,
            -3.2965010682548126,
            -1.7580315671335902,
            0.5322799320629136,
            -0.00689250475927186,
            -0.22602668474238383,
            -0.14881910829919928
        ]
    },
    "rho": 0.00594859816892352,
    "theta": 0.0001
}