{
    "alpha": 100,
    "hidden_states": {
        "Iceland_contemporary": [
            0.0,
            9.177834366252873e-07,
            1.3123597192693768e-06,
            1.748931782864183e-06,
            2.3173142385567526e-06,
            3.2049139078699627e-06,
            4.302502555207957e-06,
            5.888289889597475e-06,
            8.149373912958443e-06,
            1.159759648495801e-05,
            1.692841006632373e-05,
            3.1450682813038904e-05,
            0.030270032633165574,
            0.08252065393889252,
            0.38179142166560753,
            0.8009101378838972,
            2.061651302384564,
            Infinity
        ]
    },
    "model": {
        "N0": 15197.568389057751,
        "class": "SMCModel",
        "knots": [
            9.177834366252873e-07,
            1.748931782864183e-06,
            3.2049139078699627e-06,
            5.888289889597475e-06,
            1.159759648495801e-05,
            3.1450682813038904e-05,
            0.08252065393889252,
            0.8009101378838972
        ],
        "pid": "Iceland_contemporary",
        "spline_class": "CubicSpline",
        "y": [
            -3.5886967714762963,
            -3.576728206551748,
            -3.5496153216421,
            -3.5410007009317024,
            -3.6355877969413166,
            -4.380490128105704,
            -1.0111305966228403,
            0.18188255729746491
        ]
    },
    "rho": 0.009993757896854378,
    "theta": 0.0001
}