{
    "alpha": 100,
    "hidden_states": {
        "Iceland_contemporary": [
            0.0,
            9.116911405009587e-07,
            1.1811591892947549e-06,
            1.6232921719116792e-06,
            2.2587733550255252e-06,
            3.145848407927122e-06,
            4.255662608885378e-06,
            5.804968649353085e-06,
            8.014860848744163e-06,
            1.1337728961266406e-05,
            1.6829747200064816e-05,
            3.0812592126775775e-05,
            0.02872162835120044,
            0.08586049290648634,
            0.3724398428420914,
            0.7944983755736202,
            2.036957105832499,
            Infinity
        ]
    },
    "model": {
        "N0": 15197.568389057751,
        "class": "SMCModel",
        "knots": [
            9.116911405009587e-07,
            1.6232921719116792e-06,
            3.145848407927122e-06,
            5.804968649353085e-06,
            1.1337728961266406e-05,
            3.0812592126775775e-05,
            0.08586049290648634,
            0.7944983755736202
        ],
        "pid": "Iceland_contemporary",
        "spline_class": "CubicSpline",
        "y": [
            -3.65036471148617,
            -3.6356713864045456,
            -3.5935334479118053,
            -3.584549692774418,
            -3.6884297429697575,
            -4.445451931594745,
            -0.9163508598724334,
            0.1828562332144232
        ]
    },
    "rho": 0.009993756835860994,
    "theta": 0.0001
}