{
    "alpha": 100,
    "hidden_states": {
        "Greenland_contemporary": [
            0.0,
            2.4967087411463537e-06,
            3.317227653993862e-06,
            4.513285080563606e-06,
            6.096607546529082e-06,
            8.485207872576148e-06,
            1.2390301529926648e-05,
            1.89280159854578e-05,
            0.0017884366917992603,
            0.0311212994652062,
            0.054148911864742286,
            0.08841704983217565,
            0.20327985201573592,
            0.35756786687745307,
            0.5733798371108616,
            0.8691267407297535,
            1.9281854430124303,
            Infinity
        ]
    },
    "model": {
        "N0": 15197.568389057751,
        "class": "SMCModel",
        "knots": [
            2.4967087411463537e-06,
            4.513285080563606e-06,
            8.485207872576148e-06,
            1.89280159854578e-05,
            0.0311212994652062,
            0.08841704983217565,
            0.35756786687745307,
            0.8691267407297535
        ],
        "pid": "Greenland_contemporary",
        "spline_class": "CubicSpline",
        "y": [
            -4.343357821416044,
            -4.323999644990277,
            -4.265501985951797,
            -4.123691559865236,
            -2.065993351387828,
            -1.1261934010020065,
            0.1752600376288704,
            0.08010049154449027
        ]
    },
    "rho": 0.009993899617188919,
    "theta": 0.0001
}