{
    "alpha": 100,
    "hidden_states": {
        "Greenland_contemporary": [
            0.0,
            2.5226176450962265e-06,
            3.471549441921794e-06,
            4.709034832936213e-06,
            6.520357857826167e-06,
            9.096472953647626e-06,
            1.2888108036148794e-05,
            1.9756837957061756e-05,
            0.0048289488318170384,
            0.03255358667562628,
            0.05616791618283442,
            0.09080269746535742,
            0.2204397078051471,
            0.35926199284832067,
            0.5794688058889541,
            0.8748042171950969,
            1.9349544374849894,
            Infinity
        ]
    },
    "model": {
        "N0": 15197.568389057751,
        "class": "SMCModel",
        "knots": [
            2.5226176450962265e-06,
            4.709034832936213e-06,
            9.096472953647626e-06,
            1.9756837957061756e-05,
            0.03255358667562628,
            0.09080269746535742,
            0.35926199284832067,
            0.8748042171950969
        ],
        "pid": "Greenland_contemporary",
        "spline_class": "CubicSpline",
        "y": [
            -4.384102176247791,
            -4.396206496378395,
            -4.395384557725334,
            -4.0704698805677415,
            -2.0901497619629197,
            -1.0363583481942302,
            0.17237283513352475,
            0.07865130960892114
        ]
    },
    "rho": 0.009993894041100028,
    "theta": 0.0001
}