{
    "alpha": 100,
    "hidden_states": {
        "Denmark_contemporary": [
            0.0,
            3.5733880264970312e-06,
            4.807741526845515e-06,
            6.650807902096264e-06,
            9.470827614746895e-06,
            1.3557171772569861e-05,
            2.0213966815716872e-05,
            0.013099098956007199,
            0.07537904659558789,
            0.1349417974572071,
            0.2735317596627057,
            0.45579114709745316,
            0.6031563889730976,
            0.7747828353549508,
            0.9642567147068715,
            1.1986174045769533,
            2.0899919056241507,
            Infinity
        ]
    },
    "model": {
        "N0": 15197.568389057751,
        "class": "SMCModel",
        "knots": [
            3.5733880264970312e-06,
            6.650807902096264e-06,
            1.3557171772569861e-05,
            0.013099098956007199,
            0.1349417974572071,
            0.45579114709745316,
            0.7747828353549508,
            1.1986174045769533
        ],
        "pid": "Denmark_contemporary",
        "spline_class": "CubicSpline",
        "y": [
            -3.223947933049161,
            -3.2223639881317823,
            -3.23357191502399,
            -2.0021290043392392,
            0.5471923776306888,
            0.0016739701058995353,
            -0.2322234988189168,
            -0.14206889516816576
        ]
    },
    "rho": 0.006253514281784337,
    "theta": 0.0001
}