{
    "alpha": 100,
    "hidden_states": {
        "Greenland_contemporary": [
            0.0,
            2.6117177493034252e-06,
            3.5386434025312345e-06,
            4.683935000989836e-06,
            6.339896409254272e-06,
            8.850135718884627e-06,
            1.2594373010642876e-05,
            1.9262728129969184e-05,
            0.0037851607488174257,
            0.031123548773223965,
            0.05367545001736059,
            0.08813921932099142,
            0.20709298182964972,
            0.35298413594524614,
            0.5713719345013596,
            0.8731953012865035,
            1.9285009516622473,
            Infinity
        ]
    },
    "model": {
        "N0": 15197.568389057751,
        "class": "SMCModel",
        "knots": [
            2.6117177493034252e-06,
            4.683935000989836e-06,
            8.850135718884627e-06,
            1.9262728129969184e-05,
            0.031123548773223965,
            0.08813921932099142,
            0.35298413594524614,
            0.8731953012865035
        ],
        "pid": "Greenland_contemporary",
        "spline_class": "CubicSpline",
        "y": [
            -3.1992924750860556,
            -3.198174891269521,
            -3.135550097564743,
            -2.7717990333283438,
            -2.1539180161352416,
            -1.0013251739728983,
            0.08184630871422355,
            0.08992126137232827
        ]
    },
    "rho": 0.00999377784467745,
    "theta": 0.0001
}