{
    "alpha": 100,
    "hidden_states": {
        "Iceland_contemporary": [
            0.0,
            8.637957273871115e-07,
            1.178182359875428e-06,
            1.6434703101289107e-06,
            2.2228742546608732e-06,
            3.06841367891505e-06,
            4.1787783495801666e-06,
            5.7151365064833075e-06,
            7.910412678325957e-06,
            1.1080904816551488e-05,
            1.6497627908446248e-05,
            3.0132417552087428e-05,
            0.029402492210010407,
            0.07837958405339404,
            0.3819754980654387,
            0.7919348952958399,
            2.050301921746231,
            Infinity
        ]
    },
    "model": {
        "N0": 15197.568389057751,
        "class": "SMCModel",
        "knots": [
            8.637957273871115e-07,
            1.6434703101289107e-06,
            3.06841367891505e-06,
            5.7151365064833075e-06,
            1.1080904816551488e-05,
            3.0132417552087428e-05,
            0.07837958405339404,
            0.7919348952958399
        ],
        "pid": "Iceland_contemporary",
        "spline_class": "CubicSpline",
        "y": [
            -2.3562148805152128,
            -2.3353342016057157,
            -2.286564347208104,
            -2.2734946852233144,
            -2.41821968472999,
            -3.5441535900902674,
            -1.05894369274223,
            0.1762191972812118
        ]
    },
    "rho": 0.009996662746566893,
    "theta": 0.0001
}