{
    "alpha": 100,
    "hidden_states": {
        "Iceland_contemporary": [
            0.0,
            8.688729802676484e-07,
            1.1992064134338227e-06,
            1.6763962024883847e-06,
            2.24185717814219e-06,
            3.0811709380204144e-06,
            4.153856084625462e-06,
            5.64152540299114e-06,
            7.840066331752309e-06,
            1.110886981006539e-05,
            1.638031342131196e-05,
            2.9817790834146588e-05,
            0.029201891642446718,
            0.07805334727111474,
            0.3841085784032298,
            0.7975121107648205,
            2.031650139697375,
            Infinity
        ]
    },
    "model": {
        "N0": 15197.568389057751,
        "class": "SMCModel",
        "knots": [
            8.688729802676484e-07,
            1.6763962024883847e-06,
            3.0811709380204144e-06,
            5.64152540299114e-06,
            1.110886981006539e-05,
            2.9817790834146588e-05,
            0.07805334727111474,
            0.7975121107648205
        ],
        "pid": "Iceland_contemporary",
        "spline_class": "CubicSpline",
        "y": [
            -2.367605959190243,
            -2.3551176471688953,
            -2.3268487988676636,
            -2.317125690860466,
            -2.431914242491828,
            -3.547041033053616,
            -1.0347105030039996,
            0.18526743466920167
        ]
    },
    "rho": 0.009993652382515964,
    "theta": 0.0001
}