{
    "alpha": 100,
    "hidden_states": {
        "Iceland_contemporary": [
            0.0,
            9.174153450064982e-07,
            1.1845772602093096e-06,
            1.6396038796882078e-06,
            2.276891604310657e-06,
            3.151292894076066e-06,
            4.278227694957781e-06,
            5.835345970099772e-06,
            8.07122868239594e-06,
            1.1374785330256034e-05,
            1.6873548675089597e-05,
            3.09016016872647e-05,
            0.028874576418421127,
            0.0814715388217328,
            0.38043798018497693,
            0.7974269101032194,
            2.0415137393394622,
            Infinity
        ]
    },
    "model": {
        "N0": 15197.568389057751,
        "class": "SMCModel",
        "knots": [
            9.174153450064982e-07,
            1.6396038796882078e-06,
            3.151292894076066e-06,
            5.835345970099772e-06,
            1.1374785330256034e-05,
            3.09016016872647e-05,
            0.0814715388217328,
            0.7974269101032194
        ],
        "pid": "Iceland_contemporary",
        "spline_class": "CubicSpline",
        "y": [
            -2.338873561460983,
            -2.3275176332443754,
            -2.2948318588845322,
            -2.2823632039251676,
            -2.3872953734169644,
            -3.515115727764989,
            -1.009754628346483,
            0.18697840045981487
        ]
    },
    "rho": 0.009993648194569639,
    "theta": 0.0001
}