{
    "alpha": 100,
    "hidden_states": {
        "Denmark_contemporary": [
            0.0,
            3.6530431580738893e-06,
            4.8761706403635756e-06,
            6.594268194169614e-06,
            9.452925495314163e-06,
            1.3617159970971264e-05,
            2.1002630462252113e-05,
            0.02076770940880031,
            0.08667670469130902,
            0.15225890533720524,
            0.2686579091564361,
            0.45974963342438,
            0.6126349831811557,
            0.77583055599742,
            0.9645761761509146,
            1.199001771293733,
            2.089362036959095,
            Infinity
        ]
    },
    "model": {
        "N0": 15197.568389057751,
        "class": "SMCModel",
        "knots": [
            3.6530431580738893e-06,
            6.594268194169614e-06,
            1.3617159970971264e-05,
            0.02076770940880031,
            0.15225890533720524,
            0.45974963342438,
            0.77583055599742,
            1.199001771293733
        ],
        "pid": "Denmark_contemporary",
        "spline_class": "CubicSpline",
        "y": [
            -4.394825127283624,
            -4.39347401478211,
            -4.407020139358345,
            -1.3701091688782114,
            0.4952566479664578,
            0.009391087358307347,
            -0.2404171601649429,
            -0.14622143830527923
        ]
    },
    "rho": 0.006092065542361467,
    "theta": 0.0001
}