{
    "alpha": 100,
    "hidden_states": {
        "Iceland_contemporary": [
            0.0,
            8.803539936266436e-07,
            1.209086898540551e-06,
            1.7106461893109345e-06,
            2.2935610050711866e-06,
            3.131737939413189e-06,
            4.2023521637959535e-06,
            5.689511746628735e-06,
            7.903819978664672e-06,
            1.120142425296437e-05,
            1.6530826722845183e-05,
            3.069919642521898e-05,
            0.029371036724262042,
            0.08393150081959717,
            0.3891407203338294,
            0.8036090940333033,
            2.0452692670858905,
            Infinity
        ]
    },
    "model": {
        "N0": 15197.568389057751,
        "class": "SMCModel",
        "knots": [
            8.803539936266436e-07,
            1.7106461893109345e-06,
            3.131737939413189e-06,
            5.689511746628735e-06,
            1.120142425296437e-05,
            3.069919642521898e-05,
            0.08393150081959717,
            0.8036090940333033
        ],
        "pid": "Iceland_contemporary",
        "spline_class": "CubicSpline",
        "y": [
            -2.2966361699028455,
            -2.2839144431772653,
            -2.2552223927979815,
            -2.241932118353136,
            -2.3461706800706064,
            -3.4977693269095287,
            -0.9829138129928469,
            0.18263934528911252
        ]
    },
    "rho": 0.009993632218299173,
    "theta": 0.0001
}